{"eta": 0.07071148684063122, "gamma": 0.5815777822335039, "max_depth": 6.778464084435456, "num_boost_round": 476.2014433219181}